"893","Estágio Ensino Médio - Jardim Colorado - São Paulo/SP","<p><em><strong>Mercado</strong><br />
Atendimento; Reposi&ccedil;&atilde;o; Organiza&ccedil;&atilde;o de loja</em></p>

<p>&nbsp;</p>

<p><strong>Requisitos:</strong><br />
Cursando 1&deg; ou&nbsp;2&deg; ano do Ensino M&eacute;dio<br />
Estudantes da Noite<br />
Idade M&iacute;nima<strong>:&nbsp;</strong>16 anos</p>

<p><br />
<strong>Local do trabalho:</strong><br />
Jardim Colorado&nbsp;- S&atilde;o Paulo/SP<br />
&nbsp;</p>

<p><strong>Bolsa-aux&iacute;lio + Aux&iacute;lio Transporte</strong></p>
","22/08/2025",,"2025-08-22 00:00:00",
"898","Estágio Ensino Superior - Jardim Santa Inês - Guarulhos/SP","<p><em><strong>Escrit&oacute;rio Cont&aacute;bil</strong></em><br />
<em>C&aacute;lculo de folha;&nbsp;Atendimento ao cliente;&nbsp;Movimenta&ccedil;&atilde;o de dados no sistema</em></p>

<p>&nbsp;</p>

<p><strong>Requisitos:</strong><br />
Cursando Ensino Superior em Ci&ecirc;ncias cont&aacute;beis&nbsp;<br />
Estudantes da Noite<br />
Necess&aacute;rio conhecimentos em Inform&aacute;tica<br />
<br />
<strong>Local do trabalho:</strong><br />
Jardim Santa In&ecirc;s - Guarulhos/SP<br />
&nbsp;</p>

<p><strong>Bolsa-aux&iacute;lio + Aux&iacute;lio Transporte</strong></p>
","22/08/2025",,"2025-08-22 00:00:00",
"941","Estágio Ensino Médio - Mooca - São Paulo/SP","<p><em><strong>Mercado</strong><br />
Atendimento; Reposi&ccedil;&atilde;o; Organiza&ccedil;&atilde;o de loja</em></p>

<p>&nbsp;</p>

<p><strong>Requisitos:</strong><br />
CCursando 1&deg; ou&nbsp;2&deg; ano do Ensino M&eacute;dio<br />
Estudantes da Manh&atilde;/Noite<br />
Idade M&iacute;nima<strong>:&nbsp;</strong>16 anos</p>

<p><br />
<strong>Local do trabalho:</strong><br />
Mooca - S&atilde;o Paulo/SP<br />
&nbsp;</p>

<p><strong>Bolsa-aux&iacute;lio + Aux&iacute;lio Transporte</strong></p>
","22/08/2025",,"2025-08-22 00:00:00",
"946","Estágio Ensino Médio - Ipiranga - São Paulo/SP","<p><em><strong>Loja de materiais de constru&ccedil;&atilde;o</strong><br />
Atendimento; Reposi&ccedil;&atilde;o; Organiza&ccedil;&atilde;o de loja</em></p>

<p>&nbsp;</p>

<p><strong>Requisitos:</strong><br />
Cursando 1&deg; ou&nbsp;2&deg; ano do Ensino M&eacute;dio<br />
Estudantes da Noite<br />
Idade M&iacute;nima<strong>:&nbsp;</strong>16 anos</p>

<p><br />
<strong>Local do trabalho:</strong><br />
Ipiranga - S&atilde;o Paulo/SP<br />
&nbsp;</p>

<p><strong>Bolsa-aux&iacute;lio + Aux&iacute;lio Transporte</strong></p>
","22/08/2025",,"2025-08-22 00:00:00",
"961","Estágio Ensino Médio - Vila Nova - Mairiporã/SP","<p><em><strong>Mercado</strong><br />
Atendimento; Reposi&ccedil;&atilde;o; Organiza&ccedil;&atilde;o de loja</em></p>

<p>&nbsp;</p>

<p><strong>Requisitos:</strong><br />
Cursando 1&deg; ou&nbsp;2&deg; ano do Ensino M&eacute;dio<br />
Estudantes da Noite<br />
Idade M&iacute;nima<strong>:&nbsp;</strong>16 anos</p>

<p><br />
<strong>Local do trabalho:</strong><br />
Vila Nova - Mairipor&atilde;/SP</p>

<p><strong>Bolsa-aux&iacute;lio + Aux&iacute;lio Transporte</strong></p>
","22/08/2025",,"2025-08-22 00:00:00",
"962","Estágio Ensino Médio - Parada Inglesa - São Paulo/SP","<p><em><strong>Hortifr&uacute;ti</strong></em><br />
<em>Atendimento ao cliente;&nbsp;Reposi&ccedil;&atilde;o</em><br />
&nbsp;</p>

<p><strong>Requisitos:</strong><br />
Cursando 1&deg; ou&nbsp;2&deg; ano do Ensino M&eacute;dio<br />
Estudantes da Manh&atilde;/Noite<br />
Idade M&iacute;nima<strong>:&nbsp;</strong>16 anos</p>

<p><br />
<strong>Local do trabalho:</strong><br />
Parada Inglesa&nbsp;- S&atilde;o Paulo/SP<br />
&nbsp;</p>

<p><strong>Bolsa-aux&iacute;lio + Aux&iacute;lio Transporte</strong></p>
","22/08/2025",,"2025-08-22 00:00:00",
"972","Estágio Ensino Médio - Parada Inglesa - São Paulo/SP","<p><strong><em>Casa de Embalagens</em></strong><br />
<em>Atendimento ao cliente; Reposi&ccedil;&atilde;o; Organiza&ccedil;&atilde;o de loja</em></p>

<p>&nbsp;</p>

<p><strong>Requisitos:</strong><br />
Cursando 1&deg; ou&nbsp;2&deg; ano do Ensino M&eacute;dio<br />
Estudantes da Manh&atilde;/Noite<br />
Idade M&iacute;nima<strong>:&nbsp;</strong>16 anos</p>

<p><br />
<strong>Local de trabalho:</strong><br />
Parada Inglesa - S&atilde;o Paulo/SP<br />
&nbsp;</p>

<p><strong>Bolsa-aux&iacute;lio + Aux&iacute;lio Transporte</strong></p>
","22/08/2025",,"2025-08-22 00:00:00",
"975","Estágio Ensino Médio - Vila Tolstói - São Paulo/SP","<p><em><strong>Supermercado</strong></em><br />
<em>Atendimento ao cliente;&nbsp;Reposi&ccedil;&atilde;o; Organiza&ccedil;&atilde;o de loja</em></p>

<p>&nbsp;</p>

<p><strong>Requisitos:</strong><br />
Cursando 1&deg; ou&nbsp;2&deg; ano do Ensino M&eacute;dio<br />
Estudantes da Manh&atilde;/Noite<br />
Idade M&iacute;nima<strong>:&nbsp;</strong>16 anos</p>

<p><br />
<strong>Local do trabalho:</strong><br />
Vila Tolst&oacute;i - S&atilde;o Paulo/SP<br />
&nbsp;</p>

<p><strong>Bolsa-aux&iacute;lio + Aux&iacute;lio Transporte</strong></p>
","22/08/2025",,"2025-08-22 00:00:00",
"985","Estágio Ensino Médio - Jardim Tranquilidade - Guarulhos/SP","<p><em><strong>Cerealista</strong></em><br />
<em>Atendimento ao cliente;&nbsp;Reposi&ccedil;&atilde;o; Organiza&ccedil;&atilde;o de loja</em></p>

<p><br />
<strong>Requisitos:</strong><br />
Cursando 1&deg; ou&nbsp;2&deg; ano do Ensino M&eacute;dio<br />
Estudantes da Manh&atilde;/Noite<br />
Idade M&iacute;nima<strong>:&nbsp;</strong>16 anos</p>

<p><br />
<strong>Local do trabalho:</strong><br />
Jardim Tranquilidade - Guarulhos/SP<br />
&nbsp;</p>

<p><strong>Bolsa-aux&iacute;lio + Aux&iacute;lio Transporte</strong></p>
","22/08/2025",,"2025-08-22 00:00:00",
"986","Estágio Ensino Médio - Vila Carmela - Guarulhos/SP","<p><em><strong>Supermercado</strong></em><br />
<em>Atendimento ao cliente;&nbsp;Reposi&ccedil;&atilde;o; Organiza&ccedil;&atilde;o de loja</em></p>

<p>&nbsp;</p>

<p><strong>Requisitos:</strong><br />
Cursando 1&deg; ou&nbsp;2&deg; ano do Ensino M&eacute;dio<br />
Estudantes da Manh&atilde;/Noite<br />
Idade M&iacute;nima<strong>:&nbsp;</strong>16 anos</p>

<p><br />
<strong>Local do trabalho:</strong><br />
Vila Carmela - Guarulhos/SP<br />
&nbsp;</p>

<p><strong>Bolsa-aux&iacute;lio + Aux&iacute;lio Transporte</strong></p>
","22/08/2025",,"2025-08-22 00:00:00",
"987","Estágio Ensino Médio - Jardim Cocaia - Guarulhos/SP","<p><em><strong>Supermercado</strong></em><br />
<em>Atendimento ao cliente;&nbsp;Reposi&ccedil;&atilde;o; Organiza&ccedil;&atilde;o de loja</em></p>

<p>&nbsp;</p>

<p><strong>Requisitos:</strong><br />
Cursando 1&deg; ou&nbsp;2&deg; ano do Ensino M&eacute;dio<br />
Estudantes da Manh&atilde;/Noite<br />
Idade M&iacute;nima<strong>:&nbsp;</strong>16 anos</p>

<p><br />
<strong>Local do trabalho:</strong><br />
Jardim Cocaia - Guarulhos/SP<br />
&nbsp;</p>

<p><strong>Bolsa-aux&iacute;lio + Aux&iacute;lio Transporte</strong></p>
","22/08/2025",,"2025-08-22 00:00:00",
"989","Estágio Ensino Médio - Vila Nova Bonsucesso - Guarulhos/SP","<p><em><strong>Supermercado</strong></em><br />
<em>Atendimento ao cliente;&nbsp;Reposi&ccedil;&atilde;o; Organiza&ccedil;&atilde;o de loja</em></p>

<p><br />
<strong>Requisitos:</strong><br />
Cursando 1&deg; ou&nbsp;2&deg; ano do Ensino M&eacute;dio<br />
Estudantes da Manh&atilde;/Noite<br />
Idade M&iacute;nima<strong>:&nbsp;</strong>16 anos</p>

<p><br />
<strong>Local do trabalho:</strong><br />
Vila Nova Bonsucesso&nbsp;- Guarulhos/SP<br />
&nbsp;</p>

<p><strong>Bolsa-aux&iacute;lio + Aux&iacute;lio Transporte</strong></p>
","22/08/2025",,"2025-08-22 00:00:00",
"1012","Estágio Ensino Médio - Vila Formosa - São Paulo/SP","<p><em><strong>Supermercado</strong></em><br />
<em>Atendimento ao cliente; Reposi&ccedil;&atilde;o; Organiza&ccedil;&atilde;o de loja</em></p>

<p>&nbsp;</p>

<p><strong>Requisitos:</strong><br />
Cursando 1&deg; ou&nbsp;2&deg; ano do Ensino M&eacute;dio<br />
Estudantes da Noite<br />
Idade M&iacute;nima<strong>:</strong>&nbsp;16 anos</p>

<p><br />
<strong>Local de trabalho:</strong><br />
Vila Formosa - S&atilde;o Paulo/SP<br />
&nbsp;</p>

<p><strong>Bolsa-aux&iacute;lio + Aux&iacute;lio Transporte</strong></p>
","22/08/2025",,"2025-08-22 00:00:00",
"1022","Estágio Ensino Médio - Vila Nova Manchester - São Paulo/SP","<p><em><strong>Loja de Pe&ccedil;as e Acess&oacute;rios</strong></em><br />
<em>Atendimento ao cliente; Reposi&ccedil;&atilde;o; Organiza&ccedil;&atilde;o de loja</em></p>

<p>&nbsp;</p>

<p><strong>Requisitos:</strong><br />
Cursando 1&deg; ou&nbsp;2&deg; ano do Ensino M&eacute;dio<br />
Estudantes da Noite<br />
Idade M&iacute;nima<strong>:&nbsp;</strong>16 anos<br />
Residir nas proximidades</p>

<p><br />
<strong>Local de trabalho:</strong><br />
Vila Nova Manchester&nbsp;- S&atilde;o Paulo/SP<br />
&nbsp;</p>

<p><strong>Bolsa-aux&iacute;lio + Aux&iacute;lio Transporte</strong></p>
","22/08/2025",,"2025-08-22 00:00:00",
"1026","Estágio Ensino Médio - Jardim Brasil - São Paulo/SP","<p><em><strong>Supermercado</strong></em><br />
<em>Atendimento ao cliente; Reposi&ccedil;&atilde;o; Organiza&ccedil;&atilde;o de loja</em></p>

<p>&nbsp;</p>

<p><strong>Requisitos:</strong><br />
Cursando 1&deg; ou&nbsp;2&deg; ano do Ensino M&eacute;dio<br />
Estudantes da Noite<br />
Idade M&iacute;nima<strong>:</strong>&nbsp;16 anos</p>

<p><br />
<strong>Local de trabalho:</strong><br />
Jardim Brasil - S&atilde;o Paulo/SP<br />
&nbsp;</p>

<p><strong>Bolsa-aux&iacute;lio + Aux&iacute;lio Transporte</strong></p>
","22/08/2025",,"2025-08-22 00:00:00",
"1027","Estágio Ensino Médio - Vila Buarque - São Paulo/SP","<p><em><strong>Loja de Molduras</strong></em><br />
<em>Atendimento ao cliente; Aux&iacute;lio na montagem e limpeza de molduras; E-commerce</em></p>

<p>&nbsp;</p>

<p><strong>Requisitos:</strong><br />
Cursando 1&deg; ou&nbsp;2&deg; ano do Ensino M&eacute;dio<br />
Estudantes da Noite<br />
Idade M&iacute;nima<strong>:&nbsp;</strong>16 anos</p>

<p><br />
<strong>Local de trabalho:</strong><br />
Vila Buarque&nbsp;- S&atilde;o Paulo/SP<br />
&nbsp;</p>

<p><strong>Bolsa-aux&iacute;lio + Aux&iacute;lio Transporte</strong></p>
","22/08/2025",,"2025-08-22 00:00:00",
"1035","Estágio Ensino Médio - Vila Flórida - Guarulhos/SP","<p><strong><em>Padaria</em></strong><br />
<em>Atendimento ao cliente; Reposi&ccedil;&atilde;o; Organiza&ccedil;&atilde;o de loja</em></p>

<p><br />
<strong>Requisitos:</strong><br />
Cursando 1&deg; ou&nbsp;2&deg; ano do Ensino M&eacute;dio<br />
Estudantes da Manh&atilde;<br />
Idade M&iacute;nima<strong>:</strong>&nbsp;16 anos</p>

<p><br />
<strong>Local de trabalho:</strong><br />
Vila Fl&oacute;rida - Guarulhos/SP<br />
&nbsp;</p>

<p><strong>Bolsa-aux&iacute;lio + Aux&iacute;lio Transporte</strong></p>
","22/08/2025",,"2025-08-22 00:00:00",
"1036","Estágio Ensino Médio - Jardim Paraventi - Guarulhos/SP","<p><em><strong>Supermercado</strong></em><br />
<em>Atendimento ao cliente; Reposi&ccedil;&atilde;o; Organiza&ccedil;&atilde;o de loja</em></p>

<p>&nbsp;</p>

<p><strong>Requisitos:</strong><br />
Cursando 1&deg; ou&nbsp;2&deg; ano do Ensino M&eacute;dio<br />
Estudantes da Noite<br />
Idade M&iacute;nima<strong>:</strong>&nbsp;16 anos</p>

<p><br />
<strong>Local de trabalho:</strong><br />
Jardim Paraventi&nbsp;- Guarulhos/SP<br />
&nbsp;</p>

<p><strong>Bolsa-aux&iacute;lio + Aux&iacute;lio Transporte</strong></p>
","22/08/2025",,"2025-08-22 00:00:00",
"1038","Estágio Ensino Médio - Taboão - São Bernardo do Campo/SP","<p><em><strong>Padaria</strong></em><br />
<em>Atendimento ao cliente; Reposi&ccedil;&atilde;o; Organiza&ccedil;&atilde;o de loja</em></p>

<p><br />
<strong>Requisitos:</strong><br />
Cursando 1&deg; ou&nbsp;2&deg; ano do Ensino M&eacute;dio<br />
Estudantes da Manh&atilde;/Noite<br />
Idade M&iacute;nima<strong>:</strong>&nbsp;16 anos</p>

<p><br />
<strong>Local de trabalho:</strong><br />
Tabo&atilde;o - S&atilde;o Bernardo do Campo/SP<br />
&nbsp;</p>

<p><strong>Bolsa-aux&iacute;lio + Aux&iacute;lio Transporte</strong></p>
","22/08/2025",,"2025-08-22 00:00:00",
"1053","Estágio Ensino Superior - Vila Isolina Mazzei - São Paulo/SP","<p><em><strong>Escrit&oacute;rio&nbsp;</strong><br />
Emitir Boletos; Emitir NFs; Dar entrada em NFs; Planilhar consumos de contratos; Responder e-mails do financeiro; Up load de border&ocirc;s</em></p>

<p><br />
<strong>Requisitos:</strong><br />
Cursando Ensino Superior em Administra&ccedil;&atilde;o ou similares<br />
Estudantes da Noite<br />
Necess&aacute;rio conhecimentos em Inform&aacute;tica<br />
Residir nas proximidades</p>

<p><br />
<strong>Local de trabalho:</strong><br />
Vila Isolina Mazzei - S&atilde;o Paulo/SP<br />
&nbsp;</p>

<p><strong>Bolsa-aux&iacute;lio + Aux&iacute;lio Transporte&nbsp;</strong></p>
","22/08/2025",,"2025-08-22 00:00:00",
"1055","Estágio Ensino Médio - Vila Talarico - São Paulo/SP","<p><em><strong>Loja de Produtos Naturais</strong><br />
Atendimento ao cliente; Reposi&ccedil;&atilde;o, Precifica&ccedil;&atilde;o</em></p>

<p>&nbsp;</p>

<p><strong>Requisitos:</strong><br />
Cursando 1&deg; ou&nbsp;2&deg; ano do Ensino M&eacute;dio<br />
Estudantes da Manh&atilde;<br />
Idade M&iacute;nima<strong>:&nbsp;</strong>16 anos<br />
Residir nas proximidades</p>

<p><br />
<strong>Local de trabalho:</strong><br />
Vila Talarico - S&atilde;o Paulo/SP<br />
&nbsp;</p>

<p><strong>Bolsa-aux&iacute;lio + Aux&iacute;lio Transporte</strong></p>
","22/08/2025",,"2025-08-22 00:00:00",
"1058","Estágio Ensino Médio - Água Chata - Guarulhos/SP","<p><em><strong>Ind&uacute;stria</strong></em><br />
<em>Separar alho; produ&ccedil;&atilde;o; carimbar e rotular potes</em></p>

<p>&nbsp;</p>

<p><strong>Requisitos:</strong><br />
Cursando 1&deg; ou&nbsp;2&deg; ano do Ensino M&eacute;dio<br />
Estudantes da Noite<br />
Idade M&iacute;nima<strong>:&nbsp;</strong>16 anos</p>

<p><br />
<strong>Local de trabalho:</strong><br />
&Aacute;gua Chata - Guarulhos/SP</p>

<p><strong>Bolsa-aux&iacute;lio + Aux&iacute;lio Transporte</strong></p>
","22/08/2025",,"2025-08-22 00:00:00",
"1062","Estágio Ensino Médio - Parque Mikail - Guarulhos/SP","<p><em><strong>Gr&aacute;fica</strong></em><br />
<em>Aux&iacute;lio nos processos de acabamento gr&aacute;fico, organiza&ccedil;&atilde;o e separa&ccedil;&atilde;o de materiais para produ&ccedil;&atilde;o</em><br />
&nbsp;</p>

<p><strong>Requisitos:</strong><br />
Cursando&nbsp;Ensino M&eacute;dio<br />
Estudantes da Noite<br />
Idade M&iacute;nima<strong>:&nbsp;</strong>16 anos</p>

<p><br />
<strong>Local de trabalho:</strong><br />
Parque Mikail - Guarulhos/SP</p>

<p><strong>Bolsa-aux&iacute;lio + Aux&iacute;lio Transporte</strong></p>
","22/08/2025",,"2025-08-22 00:00:00",
"1066","Estágio Ensino Médio - Vila Barros - Guarulhos/SP","<p><em><strong>Padaria</strong></em><br />
<em>Atendimento ao cliente</em><br />
&nbsp;</p>

<p><strong>Requisitos:</strong><br />
Cursando 1&deg; ou&nbsp;2&deg; ano do Ensino M&eacute;dio<br />
Estudantes da Noite<br />
Idade M&iacute;nima<strong>:&nbsp;</strong>16 anos</p>

<p><br />
<strong>Local de trabalho:</strong><br />
Vila Barros - Guarulhos/SP</p>

<p><strong>Bolsa-aux&iacute;lio + Aux&iacute;lio Transporte</strong></p>
","22/08/2025",,"2025-08-22 00:00:00",
"1068","Estágio Ensino Médio - Jardim Tranquilidade - Guarulhos/SP","<p><em><strong>Supermercado</strong></em><br />
<em>Atendimento ao cliente; Reposi&ccedil;&atilde;o</em><br />
&nbsp;</p>

<p><strong>Requisitos:</strong><br />
Cursando 1&deg; ou&nbsp;2&deg; ano do Ensino M&eacute;dio<br />
Estudantes da Manh&atilde;/Noite<br />
Idade M&iacute;nima<strong>:&nbsp;</strong>16 anos</p>

<p><br />
<strong>Local de trabalho:</strong><br />
Jardim Tranquilidade&nbsp;- Guarulhos/SP</p>

<p><strong>Bolsa-aux&iacute;lio + Aux&iacute;lio Transporte</strong></p>
","22/08/2025",,"2025-08-22 00:00:00",
"1069","Estágio Ensino Médio - Jardim Paraíso - Guarulhos/SP","<p><strong><em>Casa de Embalagens</em></strong><br />
<em>Atendimento ao cliente; Organiza&ccedil;&atilde;o de estoque</em><br />
&nbsp;</p>

<p><strong>Requisitos:</strong><br />
Cursando 1&deg; ou&nbsp;2&deg; ano do Ensino M&eacute;dio<br />
Estudantes da Noite<br />
Idade M&iacute;nima<strong>:&nbsp;</strong>16 anos<br />
Residir nas proximidades</p>

<p><br />
<strong>Local de trabalho:</strong><br />
Jardim Para&iacute;so&nbsp;- Guarulhos/SP</p>

<p><strong>Bolsa-aux&iacute;lio&nbsp;</strong></p>
","22/08/2025",,"2025-08-22 00:00:00",
"1071","Estágio Ensino Médio - Jardim Tietê - São Paulo/SP","<p><em><strong>Mercado</strong></em><br />
<em>Atendimento ao cliente; Reposi&ccedil;&atilde;o</em><br />
&nbsp;</p>

<p><strong>Requisitos:</strong><br />
Cursando 1&deg; ou&nbsp;2&deg; ano do Ensino M&eacute;dio<br />
Estudantes da Manh&atilde;<br />
Idade M&iacute;nima<strong>:&nbsp;</strong>16 anos</p>

<p><br />
<strong>Local de trabalho:</strong><br />
Jardim Tiet&ecirc;&nbsp;- S&atilde;o Paulo/SP</p>

<p><strong>Bolsa-aux&iacute;lio + Aux&iacute;lio Transporte</strong></p>
","22/08/2025",,"2025-08-22 00:00:00",
"1072","Estágio Ensino Médio - Tatuapé - São Paulo/SP","<p><em><strong>Loja de materiais de constru&ccedil;&atilde;o</strong></em><br />
<em>Atendimento ao cliente; Reposi&ccedil;&atilde;o; Organiza&ccedil;&atilde;o e precifica&ccedil;&atilde;o</em><br />
&nbsp;</p>

<p><strong>Requisitos:</strong><br />
Cursando 1&deg; ou&nbsp;2&deg; ano do Ensino M&eacute;dio<br />
Estudantes da Manh&atilde;/Noite<br />
Idade M&iacute;nima<strong>:&nbsp;</strong>16 anos<br />
Residir nas proximidades</p>

<p><br />
<strong>Local de trabalho:</strong><br />
Tatuap&eacute; - S&atilde;o Paulo/SP</p>

<p><strong>Bolsa-aux&iacute;lio&nbsp;</strong></p>
","22/08/2025",,"2025-08-22 00:00:00",
"1075","Estágio Ensino Médio - Jardim Aricanduva - São Paulo/SP","<p><strong><em>Loja de materiais de constru&ccedil;&atilde;o</em></strong><br />
<em>Recebimento de mercadorias; Reposi&ccedil;&atilde;o; Organiza&ccedil;&atilde;o de estoque</em><br />
&nbsp;</p>

<p><strong>Requisitos:</strong><br />
Cursando 1&deg; ou&nbsp;2&deg; ano do Ensino M&eacute;dio<br />
Estudantes da Noite<br />
Idade M&iacute;nima<strong>:&nbsp;</strong>16 anos<br />
Residir nas proximidades</p>

<p><br />
<strong>Local de trabalho:</strong><br />
Jardim Aricanduva&nbsp;- S&atilde;o Paulo/SP</p>

<p><strong>Bolsa-aux&iacute;lio&nbsp;</strong></p>
","22/08/2025",,"2025-08-22 00:00:00",
"1076","Estágio Ensino Médio - Conj. Res. José Bonifácio - São Paulo/SP","<p><em><strong>Loja de materias de constru&ccedil;&atilde;o</strong></em><br />
<em>Atendimento ao cliente; Reposi&ccedil;&atilde;o; Organiza&ccedil;&atilde;o de loja</em><br />
&nbsp;</p>

<p><strong>Requisitos:</strong><br />
Cursando 1&deg; ou&nbsp;2&deg; ano do Ensino M&eacute;dio<br />
Estudantes da Noite<br />
Idade M&iacute;nima<strong>:&nbsp;</strong>16 anos<br />
Residir nas proximidades</p>

<p><br />
<strong>Local de trabalho:</strong><br />
Conj. Res. Jos&eacute; Bonif&aacute;cio - S&atilde;o Paulo/SP</p>

<p><strong>Bolsa-aux&iacute;lio&nbsp;</strong></p>
","22/08/2025",,"2025-08-22 00:00:00",
"1077","Estágio Ensino Médio - Vila Antonieta - São Paulo/SP","<p><em><strong>Loja de materiais de constru&ccedil;&atilde;o</strong></em><br />
<em>Atendimento ao cliente; Reposi&ccedil;&atilde;o; Organiza&ccedil;&atilde;o de estoque</em><br />
&nbsp;</p>

<p><strong>Requisitos:</strong><br />
Cursando 1&deg; ou&nbsp;2&deg; ano do Ensino M&eacute;dio<br />
Estudantes da Noite<br />
Idade M&iacute;nima<strong>:&nbsp;</strong>16 anos</p>

<p><br />
<strong>Local de trabalho:</strong><br />
Vila Antonieta - S&atilde;o Paulo/SP</p>

<p><strong>Bolsa-aux&iacute;lio + Aux&iacute;lio Transporte</strong></p>
","22/08/2025",,"2025-08-22 00:00:00",
"1078","Estágio Ensino Médio - Cidade Tiradentes - São Paulo/SP","<p><em><strong>Mercado</strong></em><br />
<em>Atendimento ao cliente; Reposi&ccedil;&atilde;o</em><br />
&nbsp;</p>

<p><strong>Requisitos:</strong><br />
Cursando 1&deg; ou&nbsp;2&deg; ano do Ensino M&eacute;dio<br />
Estudantes da Manh&atilde;<br />
Idade M&iacute;nima<strong>:&nbsp;</strong>16 anos</p>

<p><br />
<strong>Local de trabalho:</strong><br />
Cidade Tiradentes - S&atilde;o Paulo/SP</p>

<p><strong>Bolsa-aux&iacute;lio + Aux&iacute;lio Transporte</strong></p>
","22/08/2025",,"2025-08-22 00:00:00",
"1082","Estágio Ensino Médio - Santana - São Paulo/SP","<p><em><strong>Restaurante japon&ecirc;s</strong></em><br />
<em>Organiza&ccedil;&atilde;o;&nbsp;Limpeza, Embalar pedidos; Atendimento presencial</em></p>

<p><br />
<strong>Requisitos:</strong><br />
Cursando 1&deg; ou&nbsp;2&deg; ano do Ensino M&eacute;dio<br />
Estudantes da Manh&atilde;/Noite<br />
Idade M&iacute;nima<strong>:&nbsp;</strong>16 anos</p>

<p><br />
<strong>Local de trabalho:</strong><br />
Santana - S&atilde;o Paulo/SP</p>

<p><strong>Bolsa-aux&iacute;lio + Aux&iacute;lio Transporte</strong></p>
","22/08/2025",,"2025-08-22 00:00:00",
"1083","Estágio Ensino Médio - Jardim Pedreira - São Paulo/SP","<p><em><strong>Supermercado</strong></em><br />
<em>Atendimento ao cliente; Reposi&ccedil;&atilde;o</em><br />
&nbsp;</p>

<p><strong>Requisitos:</strong><br />
Cursando 1&deg; ou&nbsp;2&deg; ano do Ensino M&eacute;dio<br />
Estudantes da Manh&atilde;/Noite<br />
Idade M&iacute;nima<strong>:&nbsp;</strong>16 anos</p>

<p><br />
<strong>Local de trabalho:</strong><br />
Jardim Pedreira&nbsp;- S&atilde;o Paulo/SP</p>

<p><strong>Bolsa-aux&iacute;lio + Aux&iacute;lio Transporte</strong></p>
","22/08/2025",,"2025-08-22 00:00:00",
"1086","Estágio Ensino Médio - Vila Alta - Santo André/SP","<p><em><strong>Supermercado</strong></em><br />
<em>Atendimento ao cliente; Reposi&ccedil;&atilde;o</em><br />
&nbsp;</p>

<p><strong>Requisitos:</strong><br />
Cursando 1&deg; ou&nbsp;2&deg; ano do Ensino M&eacute;dio<br />
Estudantes da Manh&atilde;<br />
Idade M&iacute;nima<strong>:&nbsp;</strong>16 anos</p>

<p><br />
<strong>Local de trabalho:</strong><br />
Vila Alta - Santo Andr&eacute;/SP</p>

<p><strong>Bolsa-aux&iacute;lio + Aux&iacute;lio Transporte</strong></p>
","22/08/2025",,"2025-08-22 00:00:00",
"1090","Estágio Ensino Médio - Parque Nossa Senhora do Carmo - Arujá/SP","<p><em><strong>Restaurante</strong></em><br />
<em>Atendimento ao cliente; Organiza&ccedil;&atilde;o e limpeza</em><br />
&nbsp;</p>

<p><strong>Requisitos:</strong><br />
Cursando 1&deg; ou&nbsp;2&deg; ano do Ensino M&eacute;dio<br />
Estudantes da Manh&atilde;<br />
Idade M&iacute;nima<strong>:&nbsp;</strong>16 anos</p>

<p><br />
<strong>Local de trabalho:</strong><br />
Parque Nossa Senhora do Carmo&nbsp;- Aruj&aacute;/SP</p>

<p><strong>Bolsa-aux&iacute;lio + Aux&iacute;lio Transporte</strong></p>
","22/08/2025",,"2025-08-22 00:00:00",
"1091","Estágio Ensino Médio - Jardim Rincão - Arujá/SP","<p><em><strong>Loja de tintas</strong></em><br />
<em>Atendimento ao cliente; Reposi&ccedil;&atilde;o; Organiza&ccedil;&atilde;o do estoque</em><br />
&nbsp;</p>

<p><strong>Requisitos:</strong><br />
Cursando 1&deg; ou&nbsp;2&deg; ano do Ensino M&eacute;dio<br />
Estudantes da Noite<br />
Idade M&iacute;nima<strong>:&nbsp;</strong>16 anos</p>

<p><br />
<strong>Local de trabalho:</strong><br />
Jardim Rinc&atilde;o&nbsp;- Aruj&aacute;/SP</p>

<p><strong>Bolsa-aux&iacute;lio + Aux&iacute;lio Transporte</strong></p>
","22/08/2025",,"2025-08-22 00:00:00",
"1092","Estágio Ensino Médio - Centro - Arujá/SP","<p><em><strong>Hortifr&uacute;ti</strong></em><br />
<em>Atendimento ao cliente; Reposi&ccedil;&atilde;o</em><br />
&nbsp;</p>

<p><strong>Requisitos:</strong><br />
Cursando 1&deg; ou&nbsp;2&deg; ano do Ensino M&eacute;dio<br />
Estudantes da Manh&atilde;/Noite<br />
Idade M&iacute;nima<strong>:&nbsp;</strong>16 anos</p>

<p><br />
<strong>Local de trabalho:</strong><br />
Centro - Aruj&aacute;/SP</p>

<p><strong>Bolsa-aux&iacute;lio + Aux&iacute;lio Transporte</strong></p>
","22/08/2025",,"2025-08-22 00:00:00",
"1102","Estágio Ensino Médio - Jardim Estância - Suzano/SP","<p><em><strong>Supermercado</strong></em><br />
<em>Atendimento ao cliente; Reposi&ccedil;&atilde;o</em><br />
&nbsp;</p>

<p><strong>Requisitos:</strong><br />
Cursando 1&deg; ou&nbsp;2&deg; ano do Ensino M&eacute;dio<br />
Estudantes da Noite<br />
Idade M&iacute;nima<strong>:&nbsp;</strong>16 anos<br />
Residir nas proximidades</p>

<p><br />
<strong>Local de trabalho:</strong><br />
Jardim Est&acirc;ncia - Suzano/SP</p>

<p><strong>Bolsa-aux&iacute;lio + Aux&iacute;lio Transporte</strong></p>
","22/08/2025",,"2025-08-22 00:00:00",
"1106","Estágio Ensino Médio - Jardim Vitória - Arujá/SP","<p><strong><em>Assist&ecirc;ncia T&eacute;cnica</em></strong><br />
<em>Atendimento ao cliente; Organiza&ccedil;&atilde;o de loja</em><br />
&nbsp;</p>

<p><strong>Requisitos:</strong><br />
Cursando 1&deg; ou&nbsp;2&deg; ano do Ensino M&eacute;dio<br />
Estudantes da Noite<br />
Idade M&iacute;nima<strong>:&nbsp;</strong>16 anos<br />
Residir nas proximidades</p>

<p><br />
<strong>Local de trabalho:</strong><br />
Jardim Vit&oacute;ria - Aruj&aacute;/SP</p>

<p><strong>Bolsa-aux&iacute;lio + Aux&iacute;lio Transporte</strong></p>
","22/08/2025",,"2025-08-22 00:00:00",
"1118","Estágio Ensino Médio - Parque São Rafael - São Paulo/SP","<p><strong><em>Distribuidora de doces</em></strong><br />
<em>Produ&ccedil;&atilde;o</em><br />
&nbsp;</p>

<p><strong>Requisitos:</strong><br />
Cursando 1&deg; ou&nbsp;2&deg; ano do Ensino M&eacute;dio<br />
Estudantes da Noite<br />
Idade M&iacute;nima<strong>:&nbsp;</strong>16 anos</p>

<p><br />
<strong>Local de trabalho:</strong><br />
Parque S&atilde;o Rafael&nbsp;- S&atilde;o Paulo/SP</p>

<p><strong>Bolsa-aux&iacute;lio + Aux&iacute;lio Transporte</strong></p>
","22/08/2025",,"2025-08-22 00:00:00",
"1119","Estágio Ensino Médio - Parque São Rafael - São Paulo/SP","<p><strong><em>Loja de metais sanit&aacute;rios</em></strong><br />
<em>Montagens de pe&ccedil;as;&nbsp;Separar pedidos; Atendimento ao cliente</em></p>

<p><br />
<strong>Requisitos:</strong><br />
Cursando 1&deg; ou&nbsp;2&deg; ano do Ensino M&eacute;dio<br />
Estudantes da Noite<br />
Idade M&iacute;nima<strong>:&nbsp;</strong>16 anos</p>

<p><br />
<strong>Local de trabalho:</strong><br />
Parque S&atilde;o Rafael - S&atilde;o Paulo/SP</p>

<p><strong>Bolsa-aux&iacute;lio + Aux&iacute;lio Transporte</strong></p>
","22/08/2025",,"2025-08-22 00:00:00",
"1120","Estágio Ensino Médio - São Miguel Paulista - São Paulo/SP","<p><strong><em>Loja de artigos para festa</em></strong><br />
<em>Atendimento ao cliente; Organiza&ccedil;&atilde;o de loja</em></p>

<p><br />
<strong>Requisitos:</strong><br />
Cursando 1&deg; ou&nbsp;2&deg; ano do Ensino M&eacute;dio<br />
Estudantes da Noite<br />
Idade M&iacute;nima<strong>:&nbsp;</strong>16 anos</p>

<p><br />
<strong>Local de trabalho:</strong><br />
S&atilde;o Miguel Paulista&nbsp;- S&atilde;o Paulo/SP</p>

<p><strong>Bolsa-aux&iacute;lio + Aux&iacute;lio Transporte</strong></p>
","22/08/2025",,"2025-08-22 00:00:00",
"1124","Estágio Ensino Médio - Jardim Maria Dirce - Guarulhos/SP","<p><em><strong>Supermercado</strong></em><br />
<em>Atendimento ao cliente; Reposi&ccedil;&atilde;o</em><br />
&nbsp;</p>

<p><strong>Requisitos:</strong><br />
Cursando 1&deg; ou&nbsp;2&deg; ano do Ensino M&eacute;dio<br />
Estudantes da Manh&atilde;<br />
Idade M&iacute;nima<strong>:&nbsp;</strong>16 anos</p>

<p><br />
<strong>Local de trabalho:</strong><br />
Jardim Maria Dirce - Guarulhos/SP</p>

<p><strong>Bolsa-aux&iacute;lio + Aux&iacute;lio Transporte</strong></p>
","22/08/2025",,"2025-08-22 00:00:00",
"1125","Estágio Ensino Médio - Parque Mikail - Guarulhos/SP","<p><em><strong>Supermercado</strong></em><br />
<em>Atendimento ao cliente; Reposi&ccedil;&atilde;o</em><br />
&nbsp;</p>

<p><strong>Requisitos:</strong><br />
Cursando 1&deg; ou&nbsp;2&deg; ano do Ensino M&eacute;dio<br />
Estudantes da Manh&atilde;<br />
Idade M&iacute;nima<strong>:&nbsp;</strong>16 anos</p>

<p><br />
<strong>Local de trabalho:</strong><br />
Parque Mikail - Guarulhos/SP</p>

<p><strong>Bolsa-aux&iacute;lio + Aux&iacute;lio Transporte</strong></p>
","22/08/2025",,"2025-08-22 00:00:00",
"1126","Estágio Ensino Médio - Parque Primavera - Guarulhos/SP","<p><em><strong>Supermercado</strong></em><br />
<em>Atendimento ao cliente; Reposi&ccedil;&atilde;o</em><br />
&nbsp;</p>

<p><strong>Requisitos:</strong><br />
Cursando 1&deg; ou&nbsp;2&deg; ano do Ensino M&eacute;dio<br />
Estudantes da Manh&atilde;<br />
Idade M&iacute;nima<strong>:&nbsp;</strong>16 anos</p>

<p><br />
<strong>Local de trabalho:</strong><br />
Parque Primavera&nbsp;- Guarulhos/SP</p>

<p><strong>Bolsa-aux&iacute;lio + Aux&iacute;lio Transporte</strong></p>
","22/08/2025",,"2025-08-22 00:00:00",
"1128","Estágio Ensino Médio - Jardim Cocaia - Guarulhos/SP","<p><strong><em>Casa de Embalagens</em></strong><br />
<em>Atendimento ao cliente; Organiza&ccedil;&atilde;o de estoque</em><br />
&nbsp;</p>

<p><strong>Requisitos:</strong><br />
Cursando 1&deg; ou&nbsp;2&deg; ano do Ensino M&eacute;dio<br />
Estudantes da Noite<br />
Idade M&iacute;nima<strong>:&nbsp;</strong>16 anos<br />
Residir nas proximidades</p>

<p><br />
<strong>Local de trabalho:</strong><br />
Jardim Cocaia&nbsp;- Guarulhos/SP</p>

<p><strong>Bolsa-aux&iacute;lio + Aux&iacute;lio Transporte</strong></p>
","22/08/2025",,"2025-08-22 00:00:00",
"1129","Estágio Ensino Médio - Picanço - Guarulhos/SP","<p><strong><em>Loja de materiais el&eacute;tricos</em></strong><br />
<em>Atendimento ao cliente; Organiza&ccedil;&atilde;o de estoque</em><br />
&nbsp;</p>

<p><strong>Requisitos:</strong><br />
Cursando 1&deg; ou&nbsp;2&deg; ano do Ensino M&eacute;dio<br />
Estudantes da Manh&atilde;/Noite<br />
Idade M&iacute;nima<strong>:&nbsp;</strong>16 anos<br />
Residir nas proximidades</p>

<p><br />
<strong>Local de trabalho:</strong><br />
Pican&ccedil;o - Guarulhos/SP</p>

<p><strong>Bolsa-aux&iacute;lio + Aux&iacute;lio Transporte</strong></p>
","22/08/2025",,"2025-08-22 00:00:00",
"1131","Estágio Ensino Médio - Vila Matias - Guarulhos/SP","<p><strong><em>Com&eacute;rcio</em></strong><br />
<em>Reposi&ccedil;&atilde;o; Atendimento ao cliente; Organiza&ccedil;&atilde;o de estoque</em><br />
&nbsp;</p>

<p><strong>Requisitos:</strong><br />
Cursando 1&deg; ou&nbsp;2&deg; ano do Ensino M&eacute;dio<br />
Estudantes da Noite<br />
Idade M&iacute;nima<strong>:&nbsp;</strong>16 anos</p>

<p><br />
<strong>Local de trabalho:</strong><br />
Vila Matias - Guarulhos/SP</p>

<p><strong>Bolsa-aux&iacute;lio + Aux&iacute;lio Transporte</strong></p>
","22/08/2025",,"2025-08-22 00:00:00",
